{"cameraMode":{"drawMode":0,"name":"Shaded","section":"Shading Mode"},"sceneLighting":true,"audioPlay":false,"sceneViewState":{"m_AlwaysRefresh":false,"showFog":true,"showSkybox":true,"showFlares":true,"showImageEffects":true,"showParticleSystems":true,"showVisualEffectGraphs":true,"m_FxEnabled":true},"in2DMode":false,"pivot":{"x":2.9341559410095217,"y":5.134721755981445,"z":-2.330129861831665},"rotation":{"x":0.20418065786361695,"y":-0.4991134703159332,"z":0.12230127304792404,"w":0.8332298398017883},"size":1.2026939392089844,"orthographic":false}