{"cameraMode":{"drawMode":0,"name":"Shaded","section":"Shading Mode"},"sceneLighting":true,"audioPlay":false,"sceneViewState":{"m_AlwaysRefresh":false,"showFog":true,"showSkybox":true,"showFlares":true,"showImageEffects":true,"showParticleSystems":true,"showVisualEffectGraphs":true,"m_FxEnabled":true},"in2DMode":false,"pivot":{"x":-27.540620803833009,"y":-24.700780868530275,"z":63.13496398925781},"rotation":{"x":-0.1895182579755783,"y":0.17480549216270448,"z":-0.034308820962905887,"w":-0.9655879139900208},"size":42.426692962646487,"orthographic":false}